id,date,date_source,title,url,pdf,match_conf,words
0mN49oe2rnA,,,Circle the Wagons!,https://www.youtube.com/watch?v=0mN49oe2rnA,,none,0
K-NXDCXzrao,,,"Bubbles - Past, Present and Future",https://www.youtube.com/watch?v=K-NXDCXzrao,,none,0
WmMOHYjrUWs,,,Berkshire's Japanese investments,https://www.youtube.com/watch?v=WmMOHYjrUWs,,none,0
gE48QKFGEhI,,,Mohnish Pabrai: Getting Traction Without Funding,https://www.youtube.com/watch?v=gE48QKFGEhI,,none,0
lfRWWxo3Y4Y,,,Charlie Munger’s Commentary on the 0/6/25 1960s Buffett Partnerships Fee Structure,https://www.youtube.com/watch?v=lfRWWxo3Y4Y,,none,0
rwqsfh_gJ14,,,Mohnish Pabrai - Columbia Compounding Presentation,https://www.youtube.com/watch?v=rwqsfh_gJ14,,none,0
sk2gJ3TCNSQ,,,Einstein: Compounding is the 8th wonder of the world,https://www.youtube.com/watch?v=sk2gJ3TCNSQ,,none,0
vN39WzE2BJ0,,,Compounding is the 8th wonder of the world!,https://www.youtube.com/watch?v=vN39WzE2BJ0,,none,0
x6NdeoZbQXI,,,Circle the Wagons Investing #shorts,https://www.youtube.com/watch?v=x6NdeoZbQXI,,none,0
z3h8Ek-Algs,,,Einstein: Compounding is the 8th wonder of the world,https://www.youtube.com/watch?v=z3h8Ek-Algs,,none,0
zXRSVvKf0Bc,2013-03-26,site,Mohnish Pabrai - Columbia Compounding Presentation,https://www.youtube.com/watch?v=zXRSVvKf0Bc,,none,0
PpBPzNoltbs,2013-07-13,yt_title,"Mohnish Pabrai's Presentation and Q&A at Indian School of Business on July 13, 2013",https://www.youtube.com/watch?v=PpBPzNoltbs,mohnish_pabrais_presentation_and_q_a_at_the_indian_school_of_business_on_july_13_2013.pdf,date+kw,12983
CcbW7fESGXo,2013-10-27,yt_title,"Columbia Business School Presentation Oct 27, 2013",https://www.youtube.com/watch?v=CcbW7fESGXo,,none,0
QeLk7UTKxoU,2013-11-09,yt_title,"Mohnish Pabrai’s keynote address at TiECON Southwest on November 9, 2013",https://www.youtube.com/watch?v=QeLk7UTKxoU,20230919_keynote_address_by_mohnish_pabrai_at_the_tiecon_southwest_on_november_9_2013.pdf,date+kw,3061
ot6pzc9ZwfU,2013-11-19,yt_title,"Boston College Presentation November 19, 2013",https://www.youtube.com/watch?v=ot6pzc9ZwfU,mohnish_pabrais_presentation_and_q_a_at_the_boston_college_v2.pdf,date+kw,14995
fkF9Npxfmn8,2014-02-24,yt_title,"Mohnish Pabrai’s Talk at TiE SoCal in Irvine, on Marketing & Branding on Feb 24, 2014",https://www.youtube.com/watch?v=fkF9Npxfmn8,20230118_mohnish_pabrai_talk_at_tie_socal__irvine__ca__on_marketing___branding_on_feb_24_2014_v2.pdf,date+kw,13083
DzOEp7GRwAU,2014-06-15,pdf,"Mohnish Pabrai’s Talk at Pan IIT Conference, Toronto in June 2014",https://www.youtube.com/watch?v=DzOEp7GRwAU,20240903_mohnish_pabrais_session_at_pan_iit_conference_toronto_in_june_2014.pdf,kw,3970
i6fWxvsW6Nk,2014-10-09,yt_title,"Mohnish Pabrai’s Presentation and Q&A at the Boston College on October 9, 2014",https://www.youtube.com/watch?v=i6fWxvsW6Nk,mohnish_pabrais_boston_college_presentation_and_q_a_on_october_9_2014.pdf,date+kw,16001
JSHVXBBb9bI,2014-12-26,yt_title,"Mohnish Pabrai's Presentation and Q&A at MDI, Gurgaon on December 26, 2014",https://www.youtube.com/watch?v=JSHVXBBb9bI,mohnish_pabrais_presentation_and_q_a_session_at_mdi_gurgaon_on_december_26_2014.pdf,date+kw,11686
7F2IGzES7Uc,2015-12-03,yt_title,"Boston College, Carroll School of Management Presentation, December 3, 2015",https://www.youtube.com/watch?v=7F2IGzES7Uc,20230118_mohnish_pabrais_presentation_at_the_boston_college_carroll_school_of_mgmt_on_dec_3_2015.pdf,date+kw,16721
OFkApI6zZtY,2015-12-22,yt_title,"Mohnish Pabrai's Presentation and Q&A at MDI, Gurgaon on December 22, 2015",https://www.youtube.com/watch?v=OFkApI6zZtY,mohnish_pabrais_speech_at_the_mdi_gurgaon_india_on_december_22_2015.pdf,date+kw,14264
jfxOvdiac94,2016-05-24,yt_title,"Mohnish Pabrai Lecture at Univ. of California, Irvine (UCI), May 24, 2016",https://www.youtube.com/watch?v=jfxOvdiac94,mohnish_pabrai’s_lecture_at_the_university_of_california__irvine__uci__on_may_24__2016_v2.pdf,date+kw,20596
FO5V7jcBNMM,2016-09-26,yt_title,"Mohnish Pabrai's Lecture to Univ. of Puerto Rico MBA Class – Sept. 26, 2016",https://www.youtube.com/watch?v=FO5V7jcBNMM,mohnish_pabrais_lecture_to_university_of_puerto_ricos_mba_class_on_sept_26_2016_v2.pdf,date+kw,6002
Jo1XgDJCkh4,2016-10-14,yt_title,"Mohnish Pabrai Lecture at Peking University (Guanghua School of Mgmt) - Oct 14, 2016",https://www.youtube.com/watch?v=Jo1XgDJCkh4,mohnishs_lecture_at_peking_university__guanghua_school_of_mgmt__oct_14__2016.pdf,date+kw,14330
IOoaNYQHaYY,2016-11-03,yt_title,"Mohnish Pabrai Lecture at Boston College (Carroll School of Mgmt) - Nov 3, 2016",https://www.youtube.com/watch?v=IOoaNYQHaYY,mohnish_pabrai’s_lecture_at_boston_college__carroll_school_of_mgmt__on_nov_3_2016_v2.pdf,date+kw,20792
bLjoL5zhBxA,2017-06-07,yt_title,"Mohnish Pabrai Lecture at Univ. of California, Irvine (UCI), June 7, 2017",https://www.youtube.com/watch?v=bLjoL5zhBxA,mohnish_pabrai’s_lecture_at_the_university_of_california__irvine__uci__on_june_7__2017_v2.pdf,date+kw,19254
_1aGen3q2_g,2017-11-30,yt_title,"Mohnish Pabrai Lecture at Boston College (Carroll School of Mgmt) - Nov 30, 2017",https://www.youtube.com/watch?v=_1aGen3q2_g,mohnish_pabrai’s_lecture_at_the_boston_college__carroll_school_of_management__on_nov_30_2017_v2.pdf,date+kw,18369
z74NaYRyMJo,2017-12-22,yt_title,"Mohnish Pabrai Lecture at Peking University (Guanghua School of Mgmt) - Dec 22, 2017",https://www.youtube.com/watch?v=z74NaYRyMJo,mohnish_pabrai_lecture_at_peking_university__guanghua_school_of_mgmt__on_dec_22_2017_v2.pdf,date+kw,15931
9tGjXPhnp-s,2018-10-04,site,The Ten Commandments of Investment Management,https://www.youtube.com/watch?v=9tGjXPhnp-s,the_ten_commandments_of_investment_management_v2.pdf,weak,17518
5XJ88nRtF0I,2018-10-24,yt_title,"Mohnish Pabrai at Annual Morningstar India Conference on October 24, 2018",https://www.youtube.com/watch?v=5XJ88nRtF0I,mohnish_pabrai_at_annual_morningstar_india_conference_on_oct_24_2018_v2.pdf,date+kw,6956
_0XPurSI9cQ,2019-02-21,yt_title,"Mohnish Pabrai speaks at Trinity College Dublin - February 21, 2019",https://www.youtube.com/watch?v=_0XPurSI9cQ,mohnish_pabrai’s_session_at_the_trinity_college__dublin_on_february_21__2019_v2.pdf,date+kw,13707
Kax8XnBU1ik,2019-05-01,site,Mohnish Pabrai’s Lecture and Q&A with students of Peking University (Guanghua School of Mgmt.),https://www.youtube.com/watch?v=Kax8XnBU1ik,mohnish_pabrai’s_q_a_with_peking_university__guanghua_school_of_mgmt__on_may_01_2019_v2.pdf,manual,12979
N0TwWxGxYs0,2019-05-14,pdf,Mohnish Pabrai's Webcast Q&A Session with Students at London Business School,https://www.youtube.com/watch?v=N0TwWxGxYs0,mohnish_pabrais_qa_session_with_students_at_london_business_school_on_may_14_2019_v2.pdf,manual,10067
kdGltV0eomU,2019-11-07,yt_title,"Mohnish Pabrai Lecture at Boston College (Carroll School of Mgmt) - November 7, 2019",https://www.youtube.com/watch?v=kdGltV0eomU,mohnish_pabrai_lecture_at_boston_college__carroll_school_of_mgmt__v2.pdf,date+kw,14485
iW0Mv9zVt0o,2020-04-07,yt_title,"Q&A Session with Francis Chou at Harvard - April 7, 2020",https://www.youtube.com/watch?v=iW0Mv9zVt0o,mohnish_pabrai’s_q_a_session_with_francis_chou_at_harvard_university_v2.pdf,date+kw,19075
_2aFw40NqP8,2020-05-08,yt_title,"Ramesh Damani & Mohnish Pabrai Q&A with Millennium Mams' - May 8, 2020",https://www.youtube.com/watch?v=_2aFw40NqP8,mohnish_pabrai___ramesh_damani_qa_session_with_millennium_mams_on_may_8_2020_v2.pdf,date+kw,13667
w2hnOllfpwI,2020-05-21,yt_title,"Fireside Chat with Jeff Pintar on my lifetime Blackjack ban at a Vegas Casino on May 21, 2020",https://www.youtube.com/watch?v=w2hnOllfpwI,fireside_chat_with_jeff_pintar__mohnish_pabrai_on_may_21_2020_v2.pdf,date+kw,9079
nogBvLWB6cU,2020-05-29,yt_title,"Q&A with Radhika Gupta & Mohnish Pabrai - May 29, 2020",https://www.youtube.com/watch?v=nogBvLWB6cU,mohnish_pabrais_qa_session_with_radhika_gupta_on_may_29_2020_v2.pdf,date+kw,8050
ANn907GgLPs,2020-10-08,yt_title,"Mohnish Pabrai Lecture at Boston College (Carroll School of Mgmt) - October 8, 2020",https://www.youtube.com/watch?v=ANn907GgLPs,mohnish_pabrai’s_lecture_at_the_boston_college__carroll_school_of_management__v2.pdf,date+kw,16239
iJII3_CyUvo,2020-11-05,yt_title,"Mohnish Pabrai Presentation and Q&A with UCLA Student Investment Fund - November 5, 2020",https://www.youtube.com/watch?v=iJII3_CyUvo,mohnish_pabrais_presentation_and_q_a_with_ucla_student_investment_fund_v2.pdf,date+kw,8203
pUiwBs_N5cE,2020-12-03,yt_title,"Mohnish Pabrai’s Lecture, Q&A with students of Peking Univ. (Guanghua School of Mgmt.)–Dec. 3, 2020",https://www.youtube.com/watch?v=pUiwBs_N5cE,mohnish_pabrai_q_a_at_peking_university__guanghua_school_of_mgmt__on_dec_3_2020_v2.pdf,date+kw,14412
QIUH0IzoV6E,2021-01-27,yt_title,"Mohnish Pabrai’s Q&A Session with Students at Clemson University - Jan 27, 2021",https://www.youtube.com/watch?v=QIUH0IzoV6E,mohnish_pabrais_qa_session_with_students_at_clemson_university_on_jan_27_2021_v2.pdf,date+kw,6753
NXxIQfVIzVU,2021-02-09,yt_title,"Mohnish Pabrai’s Q&A with members of Babson College Fund (Babson College students) on Feb 9, 2021",https://www.youtube.com/watch?v=NXxIQfVIzVU,mohnish_pabrais_qa_with_the_babson_college_fund__on_feb_9_2021.pdf,date+kw,8713
V_djW_RGPGA,2021-03-04,yt_title,"Mohnish Pabrai’s Q&A Session with MBA Students at Georgetown University – March 4, 2021",https://www.youtube.com/watch?v=V_djW_RGPGA,mohnish_pabrais_qa_session_at_st_georgetown_univ_march_4_2021.pdf,date+kw,8240
NEB2RfRgBSQ,2021-03-18,yt_title,"Mohnish Pabrai’s Q&A Session with MBA Students at Columbia Business School – March 18, 2021",https://www.youtube.com/watch?v=NEB2RfRgBSQ,mohnish_pabrais_qa_at_columbia_business_school_on_march_18_2021_v2.pdf,date+kw,12868
XNtWcAag9as,2021-04-01,yt_title,"Mohnish Pabrai’s Q&A Session with Students at Indiana Univ. Kelley School of Business –April 1, 2021",https://www.youtube.com/watch?v=XNtWcAag9as,mohnish_pabrais_q_a_session_at_indiana_university_kelly_school_of_business_on_april_1_2021_v2.pdf,date+kw,12235
9JYXICM3RSo,2021-05-12,pdf,The Kolkata Value Hunters Club; Q&A with Mohnish Pabrai,https://www.youtube.com/watch?v=9JYXICM3RSo,mohnish_pabrais_qa_with_the_kolkata_value_hunters_club_on_may_12_2021_v2.pdf,kw,12427
K4mggdrMHVo,2021-05-19,yt_title,"London Business School (LBS) MBA students Q&A with Mohnish Pabrai on May 19, 2021",https://www.youtube.com/watch?v=K4mggdrMHVo,mohnish_pabrai’s_q_a_session_with_london_business_school_mba_students_on_may_19_2021_v2.pdf,date+kw,8946
cJGkrSFVnns,2021-07-09,yt_title,"Mohnish Pabrai's Q&A at the Value School (Madrid, Spain) on July 9, 2021",https://www.youtube.com/watch?v=cJGkrSFVnns,value_school__madrid_spain__on_july_9_2021_transcript.pdf,date+kw,7975
p5xt09gAi-U,2021-08-02,pdf,Brown University Value Investing Speaker Series: Q&A with Mohnish Pabrai,https://www.youtube.com/watch?v=p5xt09gAi-U,q_a_with_mohnish_pabrai_at_the_brown_university_value_investing_speaker_series.pdf,kw,7875
_7UfqjD3IEg,2021-10-14,pdf,Mohnish Pabrai Lecture at Boston College,https://www.youtube.com/watch?v=_7UfqjD3IEg,mohnish_pabrai’s_lecture_at_boston_college_on_october_14_2021.pdf,manual,17149
PN3f668IKO0,2021-10-19,pdf,Mohnish Pabrai’s Q&A session with students at the University of Oxford,https://www.youtube.com/watch?v=PN3f668IKO0,mohnish_pabrai’s_q_a_session_with_students_at_the_university_of_oxford_on_october_19_2021.pdf,manual,9171
-etUrauRHgE,2021-10-26,pdf,Mohnish Pabrai’s Q&A session with students at William & Mary College,https://www.youtube.com/watch?v=-etUrauRHgE,mohnish_pabrais_q_a_session_with_students_at_william___mary_college_on_oct_26_2021.pdf,manual,8467
wT1m8J4hdpA,2021-11-18,yt_title,"Mohnish Pabrai’s Q&A session with students at The University of Georgia on November 18, 2021",https://www.youtube.com/watch?v=wT1m8J4hdpA,mohnish_pabrai’s_q_a_session_at_the_university_of_georgia_on_november_18_2021.pdf,date+kw,10845
b9ioA0J-p2M,2022-01-05,yt_title,"Mohnish Pabrai's Interview with The Wall Street Lab Podcast on January 5, 2022",https://www.youtube.com/watch?v=b9ioA0J-p2M,value_investing_great_compounders_and_lessons_from_buffett_and_munger_wall_street_lab.pdf,date+kw,8027
dzfjw0ZXVm4,2022-01-19,pdf,Value Investing Masterclass with NUS MBA students at NUS Business School,https://www.youtube.com/watch?v=dzfjw0ZXVm4,value_investing_masterclass_with_nus_mba_students_at_nus_business_school_on_january_19_2022.pdf,kw,8894
0SbspUlZW8A,2022-02-16,pdf,Mohnish Pabrai’s Q&A session with Doctors Investing Group,https://www.youtube.com/watch?v=0SbspUlZW8A,mohnish_pabrais_q_a_session_with_doctors_investing_group_on_february_16_2022.pdf,weak,8892
hQsP8ogUp8k,2022-04-04,yt_title,"Mohnish Pabrai Q&A at Harvard Business School Investment Conference - April 4, 2022",https://www.youtube.com/watch?v=hQsP8ogUp8k,mohnish_pabrais_q_a_at_the_harvard_business_school_investment_conference_april_04_2022.pdf,date+kw,7919
Y2zu_8w_2H0,2022-06-01,pdf,FINSEC Dialog Conversation with Mohnish Pabrai,https://www.youtube.com/watch?v=Y2zu_8w_2H0,finsec_dialog_conversation_with_mohnish_pabrai.pdf,kw,11540
qBdieWfouZM,2022-06-16,yt_title,"Mohnish Pabrai's Session with Narsee Monjee Institute of Management Studies on June 16, 2022",https://www.youtube.com/watch?v=qBdieWfouZM,mohnish_pabrai_lecture_on_approaches_to_value_investing_at_narsee_monjee_on_june_16_2022.pdf,date+kw,9549
E0_K-eFC8bQ,2022-07-25,yt_title,"Mohnish Pabrai's conversation with Lauren Templeton on July 25, 2022",https://www.youtube.com/watch?v=E0_K-eFC8bQ,mohnish_pabrais_conversation_with_lauren_templeton_on_july_25_2022.pdf,date+kw,7961
MYR0tWgstMI,2022-08-17,yt_title,"Mohnish Pabrai’s Q&A with The CFA Society of Mexico on August 17, 2022",https://www.youtube.com/watch?v=MYR0tWgstMI,mohnish_pabrais_talk_with_the_cfa_society_mexico_on_august_17_2022.pdf,date+kw,7114
wz8N5CkTA2w,2022-08-30,yt_title,"Mohnish Pabrai’s Q&A session with the Asian Institute of Technology, Bangkok on August 30, 2022",https://www.youtube.com/watch?v=wz8N5CkTA2w,mohnish_pabrais_q_a_session_with_asian_institute_of_technology_bangkok_on_aug_30_2022.pdf,date+kw,9480
zw5B7F5IUV4,2022-09-16,yt_title,"Mohnish Pabrai's Q&A Session with Ironhold Capital on September 16, 2022",https://www.youtube.com/watch?v=zw5B7F5IUV4,mohnish_pabrai’s_interview_with_ironhold_capital_on_september_16_2022.pdf,date+kw,6992
rzXG8pUg4sM,2022-09-20,yt_title,"Mohnish Pabrai’s Q&A Session with Mis Propias Finanzas on September 20, 2022",https://www.youtube.com/watch?v=rzXG8pUg4sM,mohnish_pabrai’s_session_with_mis_propias_finanzas_on_september_20_2022.pdf,date+kw,8640
QJNB_CC-PDk,2022-10-11,yt_title,"Mohnish Pabrai's Q&A Session with YPO Gold Nairobi in Kenya on October 11, 2022",https://www.youtube.com/watch?v=QJNB_CC-PDk,mohnish_pabrais_q_a_session_with_ypo_nairobi_kenya_on_oct_11_2022.pdf,date+kw,11158
_h10aNEQK50,2022-10-27,yt_title,"Mohnish Pabrai's Presentation and Q&A at Boston College and Harvard Business School on Oct 27, 2022",https://www.youtube.com/watch?v=_h10aNEQK50,mohnish_pabrais_q_a_session_with_students_at_the_boston_college_on_oct_27_2022_v2.pdf,date+kw,17886
j3U0tb-1zSU,2022-11-08,yt_title,"Mohnish Pabrai’s Q&A Session with students at William & Mary College on November 8, 2022",https://www.youtube.com/watch?v=j3U0tb-1zSU,mohnish_pabrais_q_a_session_at_the_william___mary_college.pdf,date+kw,8188
m606MaKujq4,2022-11-29,yt_title,"Mohnish Pabrai's Speaker Event with Helvetian Investment Club at St. Gallen Univ on Nov 29, 2022",https://www.youtube.com/watch?v=m606MaKujq4,20221220_mohnish_pabrais_speaker_event_with_helvetian_investment_club_on_nov_29__2022.pdf,date+kw,9646
W--321tO12M,2022-12-05,yt_title,"Mohnish Pabrai's Talk with UNC Kenan-Flagler School's Investment Management Club on Dec 5, 2022",https://www.youtube.com/watch?v=W--321tO12M,mohnish_pabrais_talk_with_uncs_mba_program_investment_management_club_on_dec_05_2022.pdf,date+kw,8253
5P1c9bhhYPo,2023-01-10,yt_title,"Mohnish Pabrai's session with EO Gurgaon on January 10, 2023",https://www.youtube.com/watch?v=5P1c9bhhYPo,20230130_mohnish_pabrais_session_with_eo_gurgaon_india_on_january_10_2023.pdf,date+kw,11596
c7Oyv-Echa0,2023-01-18,yt_title,"Mohnish Pabrai’s Q&A with London School of Economics on January 18, 2023",https://www.youtube.com/watch?v=c7Oyv-Echa0,20230210_mohnish_pabrais_fireside_chat_at_london_school_of_economics_on_january_18_2023.pdf,date+kw,8549
ncYdcZEnH7E,2023-02-09,yt_title,"Mohnish Pabrai’s Q&A session at the SumZero Top Stocks Investor Summit on February 9, 2023",https://www.youtube.com/watch?v=ncYdcZEnH7E,mohnish_pabrais_talk_at_the_sumzero_virtual_investor_summit_2023_on_feb_9_2023.pdf,date+kw,8219
UcJB1m3cXKw,2023-02-28,yt_title,"Mohnish Pabrai’s Talk and Q&A session with students at the University of Texas on February 28, 2023",https://www.youtube.com/watch?v=UcJB1m3cXKw,mohnish_pabrais_talk_at_the_university_of_texas_on_february_28_2023.pdf,date+kw,11544
miqfRmUDwFQ,2023-03-03,yt_title,"Mohnish Pabrai's Chat with students at the Rotman School of Management on March 03, 2023",https://www.youtube.com/watch?v=miqfRmUDwFQ,mohnish_pabrais_chat_with_students_at_the_rotman_school_of_management_on_mar_3_2023.pdf,date+kw,11234
ibsxgKdJNpA,2023-04-11,yt_title,"Mohnish Pabrai's Interview at the mint-Equitymaster Investor Hour on April 11, 2023",https://www.youtube.com/watch?v=ibsxgKdJNpA,mohnish_pabrais_interview_at_mint-equitymaster_investor_hour_on_april_11_2023.pdf,date+kw,13904
DtQVYvyO4Qg,2023-04-25,yt_title,"Mohnish Pabrai's Interview at the Investor’s Podcast on April 25, 2023",https://www.youtube.com/watch?v=DtQVYvyO4Qg,20260119_mohnish_pabrais_interview_with_the_investors_podcast_on_april_25_2023_v2.pdf,date+kw,6876
SP6kKi2nMz4,2023-05-05,yt_title,"Mohnish Pabrai's Presentation and Q&A with the University of Nebraska, Omaha on May 5, 2023",https://www.youtube.com/watch?v=SP6kKi2nMz4,mohnish_pabrais_presentation_and_q_a_at_the_university_of_omaha_on_may_5_2023.pdf,date+kw,8462
Qgtb7LnvP6Y,2023-05-10,yt_title,"Mohnish Pabrai's Q&A session with the Finance Club of IIT Patna on May 10, 2023",https://www.youtube.com/watch?v=Qgtb7LnvP6Y,20230602_mohnish_pabrais_q_a_session_with_finance_club_of_iit_patna_on_may_10_2023.pdf,date+kw,9171
tYtG7ZvMSjM,2023-06-14,yt_title,"Mohnish Pabrai's Q&A with members of the Finance and Investment Cell at SRCC, Delhi on June 14, 2023",https://www.youtube.com/watch?v=tYtG7ZvMSjM,mohnish_pabrais_q_a_with_finance_and_investment_cell_at_srcc_delhi_on_june_14_2023.pdf,date+kw,7985
Y0K1qVJdJxc,2023-06-28,yt_title,"Mohnish Pabrai's Interview with Weekly on Stocks on June 28, 2023",https://www.youtube.com/watch?v=Y0K1qVJdJxc,mohnish_pabrais_interview_with_weekly_on_stocks_on_june_28_2023.pdf,date+kw,7189
HhA8WfnEw9I,2023-07-28,yt_title,"Mohnish Pabrai's Interview at the Meb Faber Show on July 28, 2023",https://www.youtube.com/watch?v=HhA8WfnEw9I,mohnish_pabrais_interview_at_the_meb_faber_show_on_july_28_2023.pdf,date+kw,10437
MDuPszGThmE,2023-09-15,yt_title,"Mohnish Pabrai’s Q&A session at the Harvard Business School on September 15, 2023",https://www.youtube.com/watch?v=MDuPszGThmE,20231018_mohnish_pabrais_q_a_with_students_at_the_harvard_business_school_on_sep_15_2023.pdf,date+kw,14491
kfgbTNWLMJE,2023-09-29,yt_title,"Mohnish Pabrai’s Q&A at Mendoza College of Business - University of Notre Dame on September 29, 2023",https://www.youtube.com/watch?v=kfgbTNWLMJE,20231020_mohnish_pabrais_q_a_at_the_mendoza_college_of_business_notre_dame_on_september_29_2023.pdf,date+kw,8541
w9oC1rPV5yQ,2023-10-10,yt_title,"Mohnish Pabrai's conversation at Schroders - The Value Perspective podcast on October 10, 2023",https://www.youtube.com/watch?v=w9oC1rPV5yQ,20231206_mohnish_pabrais_conversation_at_schroders_the_value_perspective_podcast_on_oct_10_2023.pdf,date+kw,9653
jZKOk-hlo8I,2023-10-12,yt_title,"Mohnish Pabrai's Q&A Session at Boston College, Carroll School of Management on October 12, 2023",https://www.youtube.com/watch?v=jZKOk-hlo8I,20231211_mohnish_pabrais_q_a_with_boston_college_carroll_school_of_management_on_oct_12_2023.pdf,date+kw,14434
EzMWPRx9-CY,2023-10-17,yt_title,"Mohnish Pabrai's Talk at the YPO Waterloo Austin on October 17, 2023",https://www.youtube.com/watch?v=EzMWPRx9-CY,20231204_mohnish_pabrais_talk_at_the_ypo_waterloo_austin_on_october_17_2023.pdf,date+kw,8501
IJwOjG5gwAw,2023-11-13,yt_title,"Mohnish Pabrai's Q&A at Clemson University - Wall Street South Investment Club on November 13, 2023",https://www.youtube.com/watch?v=IJwOjG5gwAw,20231221_mohnish_pabrais_q_a_at_clemson_university_on_november_13_2023.pdf,date+kw,6070
0qxxVBKd8CI,2023-11-21,yt_title,"Mohnish Pabrai's Q&A at Oxford University - Oxford Alpha Fund on November 21, 2023",https://www.youtube.com/watch?v=0qxxVBKd8CI,20231228_mohnish_pabrais_q_a_with_oxford_university_-_oxford_alpha_fund_on_november_21_2023.pdf,date+kw,7733
gghOEu8u6pE,2023-12-01,yt_title,"Mohnish Pabrai's Interview at Morningstar, The Investor's Mind on December 1, 2023",https://www.youtube.com/watch?v=gghOEu8u6pE,20240130_mohnish_pabrai’s_interview_at_morningstar_the_investors_mind_on_december_1_2023.pdf,date+kw,5228
A2vC2skCjCs,2023-12-25,yt_title,"Mohnish Pabrai's Presentation and Q&A at FLAME University on December 25, 2023",https://www.youtube.com/watch?v=A2vC2skCjCs,20240212_mohnish_pabrais_presentation_and_q_a_at_the_flame_university_on_december_25_2023.pdf,date+kw,19467
1xpY7-uyPqo,2024-01-30,yt_title,"Mohnish Pabrai's Q&A at London School of Economics on January 30, 2024",https://www.youtube.com/watch?v=1xpY7-uyPqo,20240219_mohnish_pabrais_q_a_with_london_school_of_economics_on_january_30_2024.pdf,date+kw,7693
mi134c5X3ps,2024-02-08,yt_title,"Mohnish Pabrai's Session at the SumZero Virtual Investor Summit 2024 on February 8, 2024",https://www.youtube.com/watch?v=mi134c5X3ps,20240308_mohnish_pabrais_session_at_the_sumzero_virtual_investor_summit_2024_on_feb_8_2024_v2.pdf,date+kw,7918
ZrJA8q5Yixg,2024-02-14,yt_title,"Mohnish Pabrai's Session with Columbia Business School (CSIMA) on February 14, 2024",https://www.youtube.com/watch?v=ZrJA8q5Yixg,20240307_mohnish_pabrais_session_with_columbia_business_school__csima__on_february_14_2024.pdf,date+kw,7677
yHIz0WlMnMc,2024-03-12,yt_title,"Mohnish Pabrai's Session with MIT's Brass Rat Investments on March 12, 2024",https://www.youtube.com/watch?v=yHIz0WlMnMc,20240424_mohnish_pabrais_session_with_mits_brass_rat_investments_on_march_12_2024.pdf,date+kw,9208
pu8M0SsqRtg,2024-03-20,yt_title,"Mohnish Pabrai’s session with YPO’s Mosaic Chapter on  March 20, 2024",https://www.youtube.com/watch?v=pu8M0SsqRtg,20240409_mohnish_pabrais_session_with_ypo_united_mosaic_on_march_20_2024_v2.pdf,date+kw,7315
kTXZO5N_FK4,2024-04-01,yt_title,"Mohnish Pabrai's Session at The Investor’s Podcast on April 1, 2024",https://www.youtube.com/watch?v=kTXZO5N_FK4,20260119_mohnish_pabrais_session_at_the_investors_podcast_on_april_1_2024_reviewed_v2.pdf,date+kw,9392
TyYRrfY3_zM,2024-04-04,yt_title,"Mohnish Pabrai's Interview at My First Million Podcast on April 4, 2024",https://www.youtube.com/watch?v=TyYRrfY3_zM,20240522_mohnish_pabrais_interview_at_my_first_million_podcast_on_april_4_2024.pdf,date+kw,17526
FFxUSADENrc,2024-05-03,yt_title,"Mohnish Pabrai's Session at The University of Nebraska, Omaha on May 3, 2024",https://www.youtube.com/watch?v=FFxUSADENrc,20240620_mohnish_pabrais_session_at_the_university_of_nebraska_omaha_on_may_3_2024_v2.pdf,date+kw,11219
yjXKhLO_7jI,2024-06-12,yt_title,"Mohnish Pabrai’s Session with CFA Society, United Kingdom on June 12, 2024",https://www.youtube.com/watch?v=yjXKhLO_7jI,20240704_mohnish_pabrais_session_with_the_cfa_society_united_kingdom_on_june_12_2024.pdf,date+kw,8859
uzp37XkxWxY,2024-06-19,yt_title,"Mohnish Pabrai’s Session with Rotary Bangalore DownTown on June 19, 2024",https://www.youtube.com/watch?v=uzp37XkxWxY,20240709_mohnish_pabrais_session_with_rotary_bangalore_downtown_on_june_19_2024_v3.pdf,date+kw,6508
jZ4f21386Yc,2024-07-09,yt_title,"Mohnish Pabrai's Session with YPO Delhi on July 9, 2024",https://www.youtube.com/watch?v=jZ4f21386Yc,20240802_mohnish_pabrais_session_with_ypo_delhi_chapter_on_july_9_2024.pdf,date+kw,9753
Run79mbS0Gs,2024-09-24,yt_title,"Mohnish Pabrai's Podcast with Kevin (Age 10) and Justin (Age 6) on September 24, 2024",https://www.youtube.com/watch?v=Run79mbS0Gs,20241008_mohnish_pabrais_session_at_the_kevin_justin_fin_podcast_on_september_24_2024.pdf,date+kw,6395
m-chs2cmWTs,2024-10-15,yt_title,"Mohnish Pabrai's Guest Lecture at University of Nebraska, Omaha on October 15, 2024",https://www.youtube.com/watch?v=m-chs2cmWTs,20241119_mohnish_pabrais_guest_lecture_at_university_of_nebraska_omaha_on_october_15_2024.pdf,date+kw,8293
sDQD2CQ8MXk,2024-10-29,yt_title,"Mohnish Pabrai's Talk with GreenHaven Road Partners Fund on October 29, 2024",https://www.youtube.com/watch?v=sDQD2CQ8MXk,20241115_mohnish_pabrais_talk_with_greenhaven_road_partners_fund_on_october_29_2024.pdf,date+kw,6301
DS4lhTSZMRc,2024-11-15,yt_title,"Mohnish Pabrai's Guest Lecture at Microsoft on November 15, 2024",https://www.youtube.com/watch?v=DS4lhTSZMRc,20250122_mohnish_pabrais_guest_lecture_with_microsoft_on_november_15_2024.pdf,date+kw,8412
MGqKFwtCWnU,2025-01-21,yt_title,"Mohnish Pabrai’s Interview at MOI Global on January 21, 2025",https://www.youtube.com/watch?v=MGqKFwtCWnU,20250225_mohnish_pabrais_interview_at_the_manual_of_ideas_global_on_january_21_2025_v2.pdf,date+kw,8228
JpGi2c7a1gw,2025-01-31,yt_title,"Mohnish Pabrai's session with CIBS at University of Cambridge on January 31, 2025",https://www.youtube.com/watch?v=JpGi2c7a1gw,20250214_mohnish_pabrais_session_with_cibs_at_university_of_cambridge_on_january_31_2025.pdf,date+kw,6536
HSq4QOCuuDA,2025-02-15,yt_title,"Mohnish Pabrai’s Interview at The Money Mindset with Sonia Shenoy on February 15, 2025",https://www.youtube.com/watch?v=HSq4QOCuuDA,20250421_mohnish_pabrais_interview_at_the_money_mindset_on_february_15_2025.pdf,date+kw,11397
Eww63NIxKew,2025-02-25,yt_title,"Mohnish Pabrai's Interview at the Capital Compounders Show on February 25, 2025",https://www.youtube.com/watch?v=Eww63NIxKew,20250314_mohnish_pabrais_interview_at_the_capital_compounders_show_on_february_25_2025.pdf,date+kw,8282
3xbhKOzNBW8,2025-03-27,yt_title,"Mohnish Pabrai’s Talk with the My First Million podcast on March 27, 2025",https://www.youtube.com/watch?v=3xbhKOzNBW8,20250507_mohnish_pabrais_talk_at_my_first_million_podcast_on_march_27_2025.pdf,date+kw,17246
ePBZbS0cRAM,2025-04-15,yt_title,"Mohnish Pabrai's Interview at the Investors Podcast on April 15, 2025",https://www.youtube.com/watch?v=ePBZbS0cRAM,20260119_mohnish_pabrais_interview_at_the_investors_podcast_on_april_15_2025_final_v2.pdf,date+kw,8304
YBinkgDRPHo,2025-04-22,yt_title,"Mohnish Pabrai’s Session with Ashoka Investment Club on April 22, 2025",https://www.youtube.com/watch?v=YBinkgDRPHo,20250514_mohnish_pabrais_session_with_ashoka_investment_club_on_april_22_2025_v2.pdf,date+kw,7016
NrTz1uiL3RU,2025-05-02,yt_title,"Mohnish Pabrai's Sessions at UNO on May 2, 2025 and Columbia Business School on March 25, 2025",https://www.youtube.com/watch?v=NrTz1uiL3RU,20250611_mohnish_pabrais_sessions_at_uno_on_may_2_2025_and_CBS_on_march_25_2025_v2.pdf,date+kw,16495
jW-L5NdvYkU,2025-06-10,yt_title,"Mohnish Pabrai’s Session with SumZero on June 10, 2025",https://www.youtube.com/watch?v=jW-L5NdvYkU,20250630_mohnish_pabrais_session_with_sumzero_on_june_10_2025_final.pdf,date+kw,7814
vNBluvpgphs,2025-07-13,yt_title,"Mohnish Pabrai’s Interview session at The Diary of a CEO on July 13, 2025",https://www.youtube.com/watch?v=vNBluvpgphs,20250917_mohnish_pabrais_session_at_the_diary_of_a_ceo_on_july_13_2025_v3.pdf,date+kw,13226
fW9j-mDNVt8,2025-10-14,yt_title,"Mohnish Pabrai’s Fireside chat with Ben Graham Centre on October 14, 2025",https://www.youtube.com/watch?v=fW9j-mDNVt8,20251201_mohnish_pabrais_fireside_chat_with_ben_graham_centre_-_on_oct_14_2025.pdf,date+kw,4564
6QGCPDTZDB8,2026-03-16,yt_title,"Mental Models for Running Startups and Businesses, SXSW 2026 on March 16, 2026",https://www.youtube.com/watch?v=6QGCPDTZDB8,20260417_mental_models_for_running_startups_and_businesses_sxsw_2026_on_march_16_2026_v4.pdf,date+kw,6647
b3gPwuMs9xc,2026-03-23,yt_title,"Mohnish Pabrai's Interview with The Investor’s Podcast on March 23, 2026",https://www.youtube.com/watch?v=b3gPwuMs9xc,20260603_mohnish_pabrais_interview_with_the_investors_podcast_on_march_23_2026_v2.pdf,date+kw,8836
iir-07rEf5o,2026-04-21,yt_title,"Mental Models by Mohnish Pabrai at Heilbrunn Center for Graham and Dodd Investing on April 21, 2026",https://www.youtube.com/watch?v=iir-07rEf5o,20260528_mohnish_pabrais_session_at_heilbrunn_center_on_april_21_2026_v3.pdf,date+kw,8869
Yx1yAhjsDsE,2026-05-01,yt_title,"Mental Models for Exceptional Capital Allocation by Mohnish Pabrai at The UNO on May 1, 2026",https://www.youtube.com/watch?v=Yx1yAhjsDsE,20260525_mohnish_pabrais_session_with_university_of_nebraska_omaha_on_may_1_2026_v3.pdf,date+kw,12201
m8jNKvcXolE,2026-05-05,yt_title,"Mohnish Pabrai's Interview with My First Million on May 5, 2026",https://www.youtube.com/watch?v=m8jNKvcXolE,20260625_mohnish_pabrais_interview_with_shaan_puri_at_my_first_million_on_may_5_2026_v3.pdf,date+kw,15744
NVD-m9seDe4,2026-06-08,yt_title,"Mohnish Pabrai's Interview with Knowledge Inside podcast on June 8, 2026",https://www.youtube.com/watch?v=NVD-m9seDe4,20260626_mohnish_pabrais_interview_with_knowledge_inside_on_june_8_2026.pdf,date+kw,8033
YQq0A1haFo4,2026-07-21,yt_title,"Mohnish Pabrai's Interview with New Money on July 21, 2026",https://www.youtube.com/watch?v=YQq0A1haFo4,"20260819 Mohnish Pabrai's Interview with New Money on July 21, 2026.pdf",date+kw,8024
f4tMPhZAI5E,2026-08-25,yt_title,"Mohnish Pabrai's Session with Copenhagen Business School Investment Club on August 25, 2026",https://www.youtube.com/watch?v=f4tMPhZAI5E,"20260903 Mohnish Pabrai's Session with Copenhagen Business School on August 25, 2026.pdf",date+kw,7692
